Metric,T-Statistic,P-Value,Significant_at_alpha_0.05
Daily Purchases,-0.2951346268885435,0.7689457500407616,False
Daily Website Clicks,-1.8609504347741592,0.06793220107651328,False
